Title,Active Golfers,Entries,URL
"awesome VimGolf challenge: Simple, Practical, and Common @",7314,33158,https://www.vimgolf.com/challenges/55b18bbea9c2c30d04000001
awesome VimGolf challenge: Just the middle @,4146,11302,https://www.vimgolf.com/challenges/54862fbb3f90ac0002904cf5
awesome VimGolf challenge: I forgot quotes @,4140,15861,https://www.vimgolf.com/challenges/5462e3f41198b80002512673
awesome VimGolf challenge: Words in parens @,3935,12798,https://www.vimgolf.com/challenges/5192f96ad8df110002000002
awesome VimGolf challenge: One number per line @,3822,18518,https://www.vimgolf.com/challenges/56fb2e75ccffcc0009026473
awesome VimGolf challenge: A HAPPY NEW YEAR 2014 ! @,3650,10576,https://www.vimgolf.com/challenges/52c3cb0d9b8634000200000e
awesome VimGolf challenge: Add semicolons @,3025,10725,https://www.vimgolf.com/challenges/5cf62aa56c09760009d6b2f3
awesome VimGolf challenge: Vice versa @,2074,7651,https://www.vimgolf.com/challenges/55bcdc3ef4219f456102374f
awesome VimGolf challenge: V to the i @,1865,4653,https://www.vimgolf.com/challenges/53d93fc3768e280002124f23
awesome VimGolf challenge: Box it @,1850,7766,https://www.vimgolf.com/challenges/5c742a5a50bdf70006d43280
awesome VimGolf challenge: switch variable @,1724,4997,https://www.vimgolf.com/challenges/4f0720c8f037090001000007
awesome VimGolf challenge: prepend * to every non-blank line @,1496,6130,https://www.vimgolf.com/challenges/5e4dfcccaa2db400090b66c3
awesome VimGolf challenge: Swap values @,1248,4503,https://www.vimgolf.com/challenges/56d70389bbbe462aff01d42a
awesome VimGolf challenge: Basic renumbering @,1246,5493,https://www.vimgolf.com/challenges/54595b13128576000257a3c1
awesome VimGolf challenge: Collect List @,1177,4214,https://www.vimgolf.com/challenges/559c30948ef59c0eb7000002
"awesome VimGolf challenge: remove lines containing the word ""reader"" @",1132,3492,https://www.vimgolf.com/challenges/5c264e64e8c64916d7fca650
awesome VimGolf challenge: -a-b-c- @,1122,3150,https://www.vimgolf.com/challenges/540629666a1e4000020d9e5a
awesome VimGolf challenge: quotes inside quotes  @,1063,3092,https://www.vimgolf.com/challenges/51f4a64c6813e30002000018
awesome VimGolf challenge: Rural Post @,1048,4263,https://www.vimgolf.com/challenges/5f1e0217becb80000692b9c4
awesome VimGolf challenge: Applying same text modification in several lines @,830,2804,https://www.vimgolf.com/challenges/5bbb82f969a25f0009541350
awesome VimGolf challenge: Com(m)a Trouble @,790,3512,https://www.vimgolf.com/challenges/5ba020f91abf2d000951055c
awesome VimGolf challenge: replacing each line of a block selection @,758,2895,https://www.vimgolf.com/challenges/4f438739f5a8d70001000019
awesome VimGolf challenge: Extract argument from function @,738,2270,https://www.vimgolf.com/challenges/536cfa23fcccd100025678bd
awesome VimGolf challenge: Vertical Limit @,724,2389,https://www.vimgolf.com/challenges/50048db8cdc4060002000004
awesome VimGolf challenge: Every other line @,693,2858,https://www.vimgolf.com/challenges/57d7d06d9ce5640f6f000001
awesome VimGolf challenge: That hyphen @,689,2522,https://www.vimgolf.com/challenges/54345d14d529ef0002227d4c
awesome VimGolf challenge: attr_aligner @,687,3405,https://www.vimgolf.com/challenges/524e1a20b81fe50002000008
awesome VimGolf challenge: One to Ten @,651,2124,https://www.vimgolf.com/challenges/5c4d042acfafb4000c9f06c2
awesome VimGolf challenge: Make it more readable @,636,1930,https://www.vimgolf.com/challenges/4ef209ef78702b0001000019
awesome VimGolf challenge: Numbering a List @,635,1846,https://www.vimgolf.com/challenges/4d716c76919202611400002b
awesome VimGolf challenge: Switch function arguments @,634,2002,https://www.vimgolf.com/challenges/4fcccb70024f950001000026
awesome VimGolf challenge: Copy three lines @,630,2824,https://www.vimgolf.com/challenges/576c778ea4896a561b01b4f2
awesome VimGolf challenge: Split line with dots @,625,2113,https://www.vimgolf.com/challenges/57343555fd77ad227900df4a
awesome VimGolf challenge: Team names @,576,1791,https://www.vimgolf.com/challenges/5a0c38cd2e62f404f000001b
awesome VimGolf challenge: hello-world-vimgolf @,575,2020,https://www.vimgolf.com/challenges/9v0061478032000000000212
awesome VimGolf challenge: Don't know what this is @,575,1960,https://www.vimgolf.com/challenges/53c66c482b4166000226bbee
awesome VimGolf challenge: Swap values inside brackets @,566,2443,https://www.vimgolf.com/challenges/5b6f0fcba89379000c2328a4
awesome VimGolf challenge: Letter case trickery @,508,1584,https://www.vimgolf.com/challenges/52222f6ea98cbe0002000078
awesome VimGolf challenge: Bad Copy Syntax @,504,1954,https://www.vimgolf.com/challenges/5d3122ace2e18c0006b8bc4d
awesome VimGolf challenge: Yo To Hello @,501,1088,https://www.vimgolf.com/challenges/5ed4f6a27d1dd8000c27e2f6
awesome VimGolf challenge: Line under headers @,482,1948,https://www.vimgolf.com/challenges/5d7f565deac0df000cfc2154
awesome VimGolf challenge: Saving the hashes(#) @,470,1977,https://www.vimgolf.com/challenges/5100ce70326e09000200004a
awesome VimGolf challenge: Put a newline after every 10 lines in vim @,467,1380,https://www.vimgolf.com/challenges/9v00619554dd000000000216
awesome VimGolf challenge: From argument to object @,442,1445,https://www.vimgolf.com/challenges/59384eb3652ee111a0000001
awesome VimGolf challenge: Space out the alphabet @,438,1610,https://www.vimgolf.com/challenges/54df95a4a4b28331e9000003
awesome VimGolf challenge: Array transposition @,437,2333,https://www.vimgolf.com/challenges/596dd9ca448256000c000011
awesome VimGolf challenge: Fix the shell script! @,435,1790,https://www.vimgolf.com/challenges/9v006233d72d000000000219
awesome VimGolf challenge: Let's play some Ivmgolf @,433,1059,https://www.vimgolf.com/challenges/50ae009b65b8db0002000047
awesome VimGolf challenge: SFD-ROC: vimvimvim @,433,1535,https://www.vimgolf.com/challenges/5054baaafa0b390002000029
awesome VimGolf challenge: Where should I put the Newline? @,428,855,https://www.vimgolf.com/challenges/539c50b188b4e20002053e38
awesome VimGolf challenge: Inverting Lines @,426,1570,https://www.vimgolf.com/challenges/60340000c06738000924d803
awesome VimGolf challenge: Satisfy the go linter @,425,2089,https://www.vimgolf.com/challenges/5f1063aa8361810006e73210
awesome VimGolf challenge: comments galore @,414,982,https://www.vimgolf.com/challenges/5666943bac55c907fd02066f
awesome VimGolf challenge: Append semicolon after expressions @,395,980,https://www.vimgolf.com/challenges/4fc9d767d3a0d4000100000e
awesome VimGolf challenge: multiple cursor alternative @,373,1455,https://www.vimgolf.com/challenges/59a2167bd6550c0006000005
awesome VimGolf challenge: delete swap @,367,1141,https://www.vimgolf.com/challenges/9v006283b31d00000000021d
awesome VimGolf challenge: Delete to the end of the current line @,357,726,https://www.vimgolf.com/challenges/5c393a580a5a300009888e2a
awesome VimGolf challenge: The name of the game @,351,639,https://www.vimgolf.com/challenges/50519ca330c82d0002000035
awesome VimGolf challenge: swap number pairs @,350,1888,https://www.vimgolf.com/challenges/5fa95fbdd285680008e41e4b
awesome VimGolf challenge: Count both ways @,348,987,https://www.vimgolf.com/challenges/5421e49fdbded100021e4934
awesome VimGolf challenge: The meaning @,347,540,https://www.vimgolf.com/challenges/4f99b09353e306000100003f
awesome VimGolf challenge: VimGolfNight @,339,524,https://www.vimgolf.com/challenges/521c805d860021000200007d
awesome VimGolf challenge: remove dupes from array @,328,1324,https://www.vimgolf.com/challenges/4ed3d247a745c1000100002a
awesome VimGolf challenge: HS exam question @,323,1192,https://www.vimgolf.com/challenges/9v0062e3e96a000000000226
awesome VimGolf challenge: comment and uncomment code inline @,305,1037,https://www.vimgolf.com/challenges/59265921e633730ce0000016
awesome VimGolf challenge: Many duplicates @,305,917,https://www.vimgolf.com/challenges/9v006289c03700000000021f
awesome VimGolf challenge: Plotting some variables in python @,301,1420,https://www.vimgolf.com/challenges/9v0060da5177000000000209
awesome VimGolf challenge: Hole-in-one @,300,985,https://www.vimgolf.com/challenges/51e023f92b2f6d0002000066
awesome VimGolf challenge: Do you demand a shrubbery? @,293,1108,https://www.vimgolf.com/challenges/53b473a3ac0ceb00022303bd
awesome VimGolf challenge: Paste a column after a column @,287,1325,https://www.vimgolf.com/challenges/9v0063d76854000000000249
awesome VimGolf challenge: simple replacements @,285,1271,https://www.vimgolf.com/challenges/603ba26a01b4d00009c10a49
awesome VimGolf challenge: Fiddle percentages into real numbers @,283,832,https://www.vimgolf.com/challenges/58c88ae7229d3b000600001f
awesome VimGolf challenge: Fix the XML @,280,962,https://www.vimgolf.com/challenges/5518cd2bfb03aa1d9402a6a3
awesome VimGolf challenge: camel riding @,272,762,https://www.vimgolf.com/challenges/5526aef5814f89118e00f23c
awesome VimGolf challenge: Add quotes to ansible playbook @,267,845,https://www.vimgolf.com/challenges/5f0f5fbe280fbf000c233304
awesome VimGolf challenge: Modernise code @,267,1134,https://www.vimgolf.com/challenges/5fd1ea4cf90da80006545d46
awesome VimGolf challenge: Quote modules @,265,1027,https://www.vimgolf.com/challenges/5e3c8d176ea90a00096b2e63
awesome VimGolf challenge: Make HTML List @,265,997,https://www.vimgolf.com/challenges/559e6360b6f8bd0f17010b61
awesome VimGolf challenge: Gray area @,265,713,https://www.vimgolf.com/challenges/5447b459380e8b0002000db3
awesome VimGolf challenge: Remove noise from HTTP log @,265,670,https://www.vimgolf.com/challenges/4fca701fd3a0d40001000074
awesome VimGolf challenge: Mirror Symmetry @,264,787,https://www.vimgolf.com/challenges/55926044bbcb9851bc000001
awesome VimGolf challenge: Multiline to Single Line @,261,586,https://www.vimgolf.com/challenges/5f0890dbb409320009a38274
awesome VimGolf challenge: Adam's challenge @,261,928,https://www.vimgolf.com/challenges/591903ff3060ed0b32000007
awesome VimGolf challenge: Reorder the groups @,256,1124,https://www.vimgolf.com/challenges/5cf8aa1281437e000c4df724
awesome VimGolf challenge: ninja substitution @,256,1341,https://www.vimgolf.com/challenges/5cb9d07d716c1b0009f69a40
awesome VimGolf challenge: Reformat symbols in list @,252,1109,https://www.vimgolf.com/challenges/9v0062d0773d000000000225
awesome VimGolf challenge: Order and join @,248,913,https://www.vimgolf.com/challenges/583112d0215b7c3ed2016bdb
awesome VimGolf challenge: Add string initializers to an enum @,248,842,https://www.vimgolf.com/challenges/5d7259d2c0248a000c157f9f
awesome VimGolf challenge: Remove semicolons after expressions @,248,585,https://www.vimgolf.com/challenges/4fca29ddd3a0d40001000038
awesome VimGolf challenge: Hogwarts Email Sorting @,247,850,https://www.vimgolf.com/challenges/5e2786a9ee9d370009f72c0a
awesome VimGolf challenge: Mess in revision history @,245,1157,https://www.vimgolf.com/challenges/5325695c6092800002072d06
awesome VimGolf challenge: Swap assigned value @,242,593,https://www.vimgolf.com/challenges/50d0d80eaa503f000200001b
awesome VimGolf challenge: Condensed Cases @,240,777,https://www.vimgolf.com/challenges/54698da795f6da00020d85ed
awesome VimGolf challenge: Align commas @,239,1047,https://www.vimgolf.com/challenges/571808767dd9d30009000001
awesome VimGolf challenge: Increment each number @,239,965,https://www.vimgolf.com/challenges/5c645526fa8ae200061757ad
awesome VimGolf challenge: Mute the second method of this script @,237,447,https://www.vimgolf.com/challenges/54ddd1d261cec11d1b01707c
awesome VimGolf challenge: SCREAMING_SNAKE_CASE to Title Case @,236,1127,https://www.vimgolf.com/challenges/5d7fad5deac0df0006fc224a
awesome VimGolf challenge: Contribute to keyboard mashing @,235,757,https://www.vimgolf.com/challenges/9v00612c165c000000000211
awesome VimGolf challenge: Delete unwanted lines @,224,392,https://www.vimgolf.com/challenges/51dfe1d12b2f6d0002000046
awesome VimGolf challenge: convert yml into java pojo field @,222,826,https://www.vimgolf.com/challenges/5b71fa9105b5ca000ce4a7a1
awesome VimGolf challenge: Cool or not? @,221,772,https://www.vimgolf.com/challenges/5c82a157c82f3900064c82d7
awesome VimGolf challenge: Exchanging Quotes @,221,801,https://www.vimgolf.com/challenges/4fa0d2fa2037000001000057
awesome VimGolf challenge: Unsemantic linewrapping @,220,869,https://www.vimgolf.com/challenges/5d4cb5ed5f97770009e52f52
awesome VimGolf challenge: HS Final exam vimgolf @,219,828,https://www.vimgolf.com/challenges/5fa53808a4d481000c3f114d
awesome VimGolf challenge: Assignment Alignment @,215,824,https://www.vimgolf.com/challenges/4d2c9d06eda6262e4e00007a
"awesome VimGolf challenge: Replace pattern with 1, 2, 3, ... on each line @",214,1054,https://www.vimgolf.com/challenges/5ec18a61827ca60009087755
awesome VimGolf challenge: abcd > a b c d @,214,275,https://www.vimgolf.com/challenges/50be61aea748a30002000047
awesome VimGolf challenge: Generate a very basic Python constructor (fixed) @,212,950,https://www.vimgolf.com/challenges/9v0062396e6f00000000021a
awesome VimGolf challenge: Python dataclasses @,210,807,https://www.vimgolf.com/challenges/6013804df3308e0009368f1c
awesome VimGolf challenge: Interweave two blocks of text @,210,615,https://www.vimgolf.com/challenges/4dcd7b572c8e510001000005
awesome VimGolf challenge: Line Zipper @,209,449,https://www.vimgolf.com/challenges/4ddbd92898957e0001000016
awesome VimGolf challenge: xrandr outputs and dashes @,207,628,https://www.vimgolf.com/challenges/5ee9ae243a035f000c6141d7
awesome VimGolf challenge: Missing Library and a Typo @,206,838,https://www.vimgolf.com/challenges/59553bd164628d0009000038
awesome VimGolf challenge: Two become one @,205,710,https://www.vimgolf.com/challenges/53369b712a09c1000223fb57
awesome VimGolf challenge: HTML to Haml @,201,838,https://www.vimgolf.com/challenges/4d3c51f1aabf526ed6000030
awesome VimGolf challenge: Change part of a function name in multiple occurrences @,199,626,https://www.vimgolf.com/challenges/5c26181de8c649000cfcac17
awesome VimGolf challenge: Generate English Alphabets @,197,451,https://www.vimgolf.com/challenges/4d26f42298e8d72471000025
awesome VimGolf challenge: Happy TvvO @,197,396,https://www.vimgolf.com/challenges/54a8fb2ff4048c0002479f12
awesome VimGolf challenge: imports alignment (python) @,194,657,https://www.vimgolf.com/challenges/4d4ab047795d626036000034
awesome VimGolf challenge: Get mail address from outlook format @,192,606,https://www.vimgolf.com/challenges/5e8c9b281f927300062d9802
awesome VimGolf challenge: Reverse and double space @,191,475,https://www.vimgolf.com/challenges/4fa085222037000001000045
awesome VimGolf challenge: Prefixes and suffixes @,190,588,https://www.vimgolf.com/challenges/50ee7504c0e3aa0002000040
awesome VimGolf challenge: Stairs Indenting @,190,441,https://www.vimgolf.com/challenges/508fe9f57acca60002000037
awesome VimGolf challenge: NATO phonetic alphabet @,188,496,https://www.vimgolf.com/challenges/50502d985cfbf50002000022
awesome VimGolf challenge: A simple change @,186,433,https://www.vimgolf.com/challenges/50af864132b7ed0002000075
awesome VimGolf challenge: The Quick Brown Fox Jumps Over The Lazy Vim @,186,398,https://www.vimgolf.com/challenges/504e43017890650002000019
awesome VimGolf challenge: Ugly spreadsheet copy/paste to CSV @,184,953,https://www.vimgolf.com/challenges/4f2be242779cbc000100000c
awesome VimGolf challenge: Scrambled numbers @,181,775,https://www.vimgolf.com/challenges/56ef78d9f604b51ec4007b8d
awesome VimGolf challenge: Case preserving word replacement @,178,444,https://www.vimgolf.com/challenges/4db0b1c8e8eb0f564b00001c
awesome VimGolf challenge: Wikitext headings to markdown @,176,816,https://www.vimgolf.com/challenges/9v0061699fee000000000213
awesome VimGolf challenge: Poorly indented Python comments @,172,904,https://www.vimgolf.com/challenges/9v00628a9b2f000000000220
awesome VimGolf challenge: Two pairs of cluster of letters creates word @,171,722,https://www.vimgolf.com/challenges/5c93945c9caf21000ca842f7
awesome VimGolf challenge: Minimalist Limerick @,170,514,https://www.vimgolf.com/challenges/5107179a44d65e0002000048
awesome VimGolf challenge: Todo list specification @,170,373,https://www.vimgolf.com/challenges/595cf3b0e9c7a8083500001b
awesome VimGolf challenge: Add to end of each line... kinda @,166,316,https://www.vimgolf.com/challenges/55d7692d134b34420f05ac0b
awesome VimGolf challenge: Making 3 line function a one liner. @,165,249,https://www.vimgolf.com/challenges/5fd623f3cf017601b2b63cbc
awesome VimGolf challenge: Rotating Philosophers Problem @,163,386,https://www.vimgolf.com/challenges/4d34af20e747f561b3000081
awesome VimGolf challenge: Paragraph breaks @,163,497,https://www.vimgolf.com/challenges/57cf3e398c660c1f8f014717
awesome VimGolf challenge: From a Thunderlink to a Markdown link  @,162,725,https://www.vimgolf.com/challenges/5ed8b30ea3ee880009111013
awesome VimGolf challenge: lamb had a little Mary @,160,570,https://www.vimgolf.com/challenges/50bda7a73645b3000200004b
awesome VimGolf challenge: C Reformatting @,160,687,https://www.vimgolf.com/challenges/57ab8b6f621d160fcd000001
awesome VimGolf challenge: Number Sort @,159,299,https://www.vimgolf.com/challenges/5b0ba8a4dd701305aeb59201
awesome VimGolf challenge: Fill in the chess board @,158,752,https://www.vimgolf.com/challenges/9v006115f6d000000000020c
awesome VimGolf challenge: Put the months in order @,156,922,https://www.vimgolf.com/challenges/5c2fdc20327666000cd05aac
awesome VimGolf challenge: Lisp Condense @,154,438,https://www.vimgolf.com/challenges/53eb4ac3f690b50002f871b6
awesome VimGolf challenge: Word frequency alignment @,154,269,https://www.vimgolf.com/challenges/50f3c2d55c891f0002000002
awesome VimGolf challenge: From A to B @,154,562,https://www.vimgolf.com/challenges/571028960c64c90990000003
awesome VimGolf challenge: learn vim in short time @,154,223,https://www.vimgolf.com/challenges/544bcdd93cafc700021ee30e
awesome VimGolf challenge: change parenthesis @,153,272,https://www.vimgolf.com/challenges/5d2eb22d2fdc4f0009d79444
awesome VimGolf challenge: Lowercase first characters @,153,423,https://www.vimgolf.com/challenges/9v0060b0a374000000000206
awesome VimGolf challenge: Visual block training @,150,814,https://www.vimgolf.com/challenges/9v00622ded15000000000218
awesome VimGolf challenge: Aliases for cd @,148,821,https://www.vimgolf.com/challenges/5e319945224f4100097c9609
awesome VimGolf challenge: readability @,147,310,https://www.vimgolf.com/challenges/553b97364ba96c319d0296eb
awesome VimGolf challenge: Replacing some words @,147,418,https://www.vimgolf.com/challenges/4f026d9b50582b000100002e
awesome VimGolf challenge: PHP Array Syntax -> MailChimp Merge Syntax @,146,505,https://www.vimgolf.com/challenges/4e9edef5cef4c50001000007
awesome VimGolf challenge: Python: Def to Lambda @,143,411,https://www.vimgolf.com/challenges/5f23f29e1e8861000c3105c5
awesome VimGolf challenge: Sort the cardinal numbers @,143,284,https://www.vimgolf.com/challenges/4dab05bff1161c5a78000011
awesome VimGolf challenge: 120 Degrees @,142,457,https://www.vimgolf.com/challenges/53e1d5a0f201bc0002226501
awesome VimGolf challenge: Join 'em @,142,241,https://www.vimgolf.com/challenges/5cf9ca1c6db575000607ed58
awesome VimGolf challenge: Insert a Markdown link @,142,422,https://www.vimgolf.com/challenges/4d2478e20947c63e2600009c
awesome VimGolf challenge: Stairstep digits @,137,366,https://www.vimgolf.com/challenges/592e0f555b60ba0009000001
awesome VimGolf challenge: Generate a list of numbers @,135,282,https://www.vimgolf.com/challenges/57a208ce38e7e83a43000003
awesome VimGolf challenge: Combines all items @,134,298,https://www.vimgolf.com/challenges/587cab5a0740c90006000006
awesome VimGolf challenge: Remember VimGolf Rules ! @,134,250,https://www.vimgolf.com/challenges/5a49efee4917e00385000001
awesome VimGolf challenge: Pairs of numbers @,132,349,https://www.vimgolf.com/challenges/51d6ddf4b0c5d6000200002e
awesome VimGolf challenge: Change name of a variable @,132,169,https://www.vimgolf.com/challenges/53cee5e1c5f4b4000208b285
"awesome VimGolf challenge: move titles next to url, in quotes @",132,498,https://www.vimgolf.com/challenges/5c52df3ff6983b0006c69e80
awesome VimGolf challenge: vim = 22 / 7  @,131,447,https://www.vimgolf.com/challenges/51103ad8041832000200003f
awesome VimGolf challenge: Reformat long lines @,130,336,https://www.vimgolf.com/challenges/4d28637c4bcd032f1c00003d
awesome VimGolf challenge: Learn some german verbs @,129,527,https://www.vimgolf.com/challenges/5abb80fc40f4d919b6000002
awesome VimGolf challenge: Preferably without multi-cursor plugin @,124,527,https://www.vimgolf.com/challenges/5ba4962fbbac05000bc2ddec
awesome VimGolf challenge: Alsa configuration @,123,485,https://www.vimgolf.com/challenges/56add9a16518ef02c001af3d
awesome VimGolf challenge: Tabbed Table to Python Array @,123,440,https://www.vimgolf.com/challenges/9v0063624a2a000000000227
awesome VimGolf challenge: Fizzbuzz @,122,386,https://www.vimgolf.com/challenges/9v0062cda991000000000223
awesome VimGolf challenge: html paragraph to table @,122,587,https://www.vimgolf.com/challenges/5cc31feaffd607000ccf6ea7
awesome VimGolf challenge: Paragraph sort @,122,421,https://www.vimgolf.com/challenges/57959f8a083a7e0c45000001
awesome VimGolf challenge: Going underground.... @,122,315,https://www.vimgolf.com/challenges/5293b3574f09ff0002000033
awesome VimGolf challenge: Wrap text in quotes @,120,349,https://www.vimgolf.com/challenges/57786c012ec4a10d2e000001
awesome VimGolf challenge: Transpose a python matrix @,118,701,https://www.vimgolf.com/challenges/9v0060b82e38000000000208
awesome VimGolf challenge: NBCU Weekly Challenge - Test @,114,243,https://www.vimgolf.com/challenges/53eac8a559e21500021ee41b
awesome VimGolf challenge: 2 quick changes and a numbered list @,114,480,https://www.vimgolf.com/challenges/9v006288572c00000000021e
awesome VimGolf challenge: Replace and keep the case @,114,405,https://www.vimgolf.com/challenges/56680033ac11043d6306aa07
awesome VimGolf challenge: Array propagate @,114,318,https://www.vimgolf.com/challenges/5a33022f2de3f1021300000d
awesome VimGolf challenge: Sort entries based on date @,113,359,https://www.vimgolf.com/challenges/4ea9bc988b36f70001000008
awesome VimGolf challenge: Counting in binary @,112,447,https://www.vimgolf.com/challenges/51ed21c65b7a9c0002000012
awesome VimGolf challenge: Angular naming conventions @,112,287,https://www.vimgolf.com/challenges/56421fb1603ec626ec000003
awesome VimGolf challenge: Simple addition @,112,301,https://www.vimgolf.com/challenges/594ce764409e11000b00001b
awesome VimGolf challenge: you're stuck on jQuery < 1.7 @,110,335,https://www.vimgolf.com/challenges/505cb13a52512d000200002b
awesome VimGolf challenge: Split the words @,108,356,https://www.vimgolf.com/challenges/525ee6a5de92470002000039
awesome VimGolf challenge: Learn to ask for :help @,108,468,https://www.vimgolf.com/challenges/9v0060fb2aa900000000020b
awesome VimGolf challenge: Line 'em up! @,108,387,https://www.vimgolf.com/challenges/55771cc4750ef86573003b83
awesome VimGolf challenge: Migrated to Postgres! @,107,268,https://www.vimgolf.com/challenges/9v0060943bdb000000000203
awesome VimGolf challenge: vim1001 @,107,275,https://www.vimgolf.com/challenges/54180e031079d30002383ee5
awesome VimGolf challenge: expand a list comprehension (python) @,105,296,https://www.vimgolf.com/challenges/4d42cde1e6dc010cb7000024
awesome VimGolf challenge: Sort the VimGolf challenges by popularity @,104,344,https://www.vimgolf.com/challenges/513b1dcd2d1ae10002000010
awesome VimGolf challenge: ASCII box @,103,324,https://www.vimgolf.com/challenges/54e05c0e3da7a40ce4002226
"awesome VimGolf challenge: Surround the 'z' character with brackets, quotes, and print as formatted string.  @",101,199,https://www.vimgolf.com/challenges/9v00647402cb000000000251
awesome VimGolf challenge: Create a table @,101,312,https://www.vimgolf.com/challenges/596ba8373e3dd71412000004
awesome VimGolf challenge: Shuffle puzzle @,101,317,https://www.vimgolf.com/challenges/53ab5ade4367c700025ce66a
awesome VimGolf challenge: Vim tetris @,101,352,https://www.vimgolf.com/challenges/53159f5d33b3f800023aa880
awesome VimGolf challenge: SFD-ROC: The Quick Brown Fox @,100,168,https://www.vimgolf.com/challenges/5054b8c6fa0b39000200001e
awesome VimGolf challenge: Neither Fizz nor Buzz @,99,226,https://www.vimgolf.com/challenges/53bddd87dbd3db0002c48c0f
awesome VimGolf challenge: Easy modification of ssh config @,98,312,https://www.vimgolf.com/challenges/5f8fd2f33dc797000ce6d784
awesome VimGolf challenge: Alphabetize the directory @,98,281,https://www.vimgolf.com/challenges/4e5ec5851836e0000100003e
awesome VimGolf challenge: Alphabet soup @,98,402,https://www.vimgolf.com/challenges/5ebe8a63d8085e000c2f5bd5
awesome VimGolf challenge: Swap the operands under comparison @,96,266,https://www.vimgolf.com/challenges/5b6e21c9a893790006232531
awesome VimGolf challenge: It'ss tooo coold too typpe todaay @,95,209,https://www.vimgolf.com/challenges/4d23054b7f75b01e0700014a
awesome VimGolf challenge: For all cases. @,95,133,https://www.vimgolf.com/challenges/594ae5d6776ef706ab000009
awesome VimGolf challenge: citizen_hacks_2019_challenge2 @,95,185,https://www.vimgolf.com/challenges/5d74187d98328b0006ba474e
awesome VimGolf challenge: Hello ${world} @,93,298,https://www.vimgolf.com/challenges/59713ae5bb056f16b6000002
awesome VimGolf challenge: Cartesian product @,92,218,https://www.vimgolf.com/challenges/4d22bb117f75b01e070000fb
awesome VimGolf challenge: Shuffled numbers @,92,228,https://www.vimgolf.com/challenges/55358965015b7c2d46000001
awesome VimGolf challenge: Readable Rubyhash @,91,243,https://www.vimgolf.com/challenges/50b5266f448d770002000106
awesome VimGolf challenge: Nesting SASS @,91,257,https://www.vimgolf.com/challenges/591074530b52f5000c000005
awesome VimGolf challenge: lipsum lines @,90,248,https://www.vimgolf.com/challenges/56462467f20fe74c93000001
awesome VimGolf challenge: Build a six @,89,267,https://www.vimgolf.com/challenges/5c5f20c1e2dcab0009c10530
awesome VimGolf challenge: Groups magic @,88,146,https://www.vimgolf.com/challenges/50d0c33daa503f000200000f
awesome VimGolf challenge: Enumerate words @,87,242,https://www.vimgolf.com/challenges/50d42c56dffb94000200000c
awesome VimGolf challenge: Separate the lines @,87,171,https://www.vimgolf.com/challenges/595a5dd1b9304b000c000011
awesome VimGolf challenge: Logging with key @,86,301,https://www.vimgolf.com/challenges/54f6e85d8dca0315e1010de1
awesome VimGolf challenge: Capitalize the Names @,85,331,https://www.vimgolf.com/challenges/5ed621c31a86b700094a80ec
awesome VimGolf challenge: Generate a very basic Python constructor  @,85,292,https://www.vimgolf.com/challenges/6019f1c4642668000cee11e8
awesome VimGolf challenge: Substraction (bis) @,85,420,https://www.vimgolf.com/challenges/9v0062b2cb5d000000000222
awesome VimGolf challenge: RUST Cargo.toml version to last @,84,289,https://www.vimgolf.com/challenges/5fe326eb11ba250006cbf2cd
awesome VimGolf challenge: Free hyphen! @,84,156,https://www.vimgolf.com/challenges/56e3697dd64dfc4d1800a774
awesome VimGolf challenge: Remove quotes after first field @,84,334,https://www.vimgolf.com/challenges/5d01c60354ee2200067df987
awesome VimGolf challenge: Change your calendar @,83,352,https://www.vimgolf.com/challenges/50e32889d5e627000200000d
awesome VimGolf challenge: Java Array2List @,82,218,https://www.vimgolf.com/challenges/4d665abd7d73e02a55000009
awesome VimGolf challenge: Sorting database text output @,80,213,https://www.vimgolf.com/challenges/54e2169fb89efb2ab10012e6
awesome VimGolf challenge: underscore_to_camelCase @,79,160,https://www.vimgolf.com/challenges/56eb0843251cf25ae40963de
awesome VimGolf challenge: replace 2nd column blanks with values in same column if blank @,78,226,https://www.vimgolf.com/challenges/5853f052854f48716101cc70
awesome VimGolf challenge: CSV to MD format @,78,333,https://www.vimgolf.com/challenges/6030936d3f9325000c6aa0aa
awesome VimGolf challenge: Create Leading Zeros @,78,208,https://www.vimgolf.com/challenges/52552abfb089a00002000007
awesome VimGolf challenge: unknown command @,78,152,https://www.vimgolf.com/challenges/5c07cf85207a850009268546
awesome VimGolf challenge: Inner hyphens @,77,124,https://www.vimgolf.com/challenges/56e36925d64dfc4d28000001
awesome VimGolf challenge: Put a cross in the square @,77,176,https://www.vimgolf.com/challenges/5fad35a736518b000960caef
awesome VimGolf challenge: Fun With The Diagonal @,76,99,https://www.vimgolf.com/challenges/56e4fe988cf590220106e9bb
awesome VimGolf challenge: Pretty multi-line bash @,75,218,https://www.vimgolf.com/challenges/57a87f444f1a8e3c4000ff8c
awesome VimGolf challenge: Interactive git rebase changing commands @,75,158,https://www.vimgolf.com/challenges/59a95b5a3e0a8d01da000004
awesome VimGolf challenge: Sorting a glossary @,75,116,https://www.vimgolf.com/challenges/56d30b70a365ed316105641b
awesome VimGolf challenge: Cleanining up 80 column concatenated text @,74,185,https://www.vimgolf.com/challenges/4fe62f8a8b2f800001000043
awesome VimGolf challenge: Number an outline @,74,246,https://www.vimgolf.com/challenges/51b4e3b920faf70002000001
awesome VimGolf challenge: 7th Birthday @,72,185,https://www.vimgolf.com/challenges/57fbb753ab6108077204f440
awesome VimGolf challenge: Turn the x @,72,278,https://www.vimgolf.com/challenges/5f20aac693f19c000630d51e
awesome VimGolf challenge: Recursively Palindrome @,72,235,https://www.vimgolf.com/challenges/4d6f45b938c0aa691b000003
awesome VimGolf challenge: Around the clock @,72,186,https://www.vimgolf.com/challenges/5cf9c4c46db575000607ed25
awesome VimGolf challenge: Complete the hex array data @,72,190,https://www.vimgolf.com/challenges/4db2c9272a007d1ee7000015
awesome VimGolf challenge: Parsing with CSV: Unify lines and result. @,72,164,https://www.vimgolf.com/challenges/512eda055d6ed80002000025
awesome VimGolf challenge: Block Fun 1 @,72,188,https://www.vimgolf.com/challenges/50c2c246b0544c000200003f
awesome VimGolf challenge: Song Transcription Oops @,72,227,https://www.vimgolf.com/challenges/5d4384d8654b7b00065af0de
awesome VimGolf challenge: Unwrap the text of an email message @,72,182,https://www.vimgolf.com/challenges/50ad2cb165b8db0002000029
awesome VimGolf challenge: Solve the Sokoban @,71,161,https://www.vimgolf.com/challenges/4d2061daf1a3f252f4000087
awesome VimGolf challenge: Sort files from hosts @,70,167,https://www.vimgolf.com/challenges/58409414770f4b474601384c
awesome VimGolf challenge: Mirrored text @,69,163,https://www.vimgolf.com/challenges/56e69da07b3d84520a000001
awesome VimGolf challenge: citizen_hacks_2019_challenge5 @,69,129,https://www.vimgolf.com/challenges/5d7418f898328b0009ba4721
awesome VimGolf challenge: Top X @,69,191,https://www.vimgolf.com/challenges/51cf1fae5e439e0002000001
"awesome VimGolf challenge: The Universal Declaration of Human Rights, Article 1 @",68,145,https://www.vimgolf.com/challenges/4d28aef94bcd032f1c0000dc
awesome VimGolf challenge: Enumerate Bullets @,68,256,https://www.vimgolf.com/challenges/5fbfabbbfdf6c50009749916
awesome VimGolf challenge: Simple format (2) @,68,328,https://www.vimgolf.com/challenges/5bf26adb9a198b0009ce0a87
awesome VimGolf challenge: Dehamlizing @,68,177,https://www.vimgolf.com/challenges/5035e5b3838d9e000200006d
awesome VimGolf challenge: SFD-ROC: ROT13 Phonics @,68,91,https://www.vimgolf.com/challenges/5054bb26fa0b39000200002b
awesome VimGolf challenge: Complete the hex array data (Part II) @,67,151,https://www.vimgolf.com/challenges/4dd3e19aec9eb6000100000d
awesome VimGolf challenge: Start coding format @,67,140,https://www.vimgolf.com/challenges/580c21b5c177c54b0d067069
awesome VimGolf challenge: Flip the bit @,67,115,https://www.vimgolf.com/challenges/5c6eaefc69134b000675f4eb
awesome VimGolf challenge: Shift down @,67,193,https://www.vimgolf.com/challenges/54514fd7238fe900021e7c42
awesome VimGolf challenge: Aligning function arguments to match a specific coding style @,66,218,https://www.vimgolf.com/challenges/4fdb12a383de630001000005
awesome VimGolf challenge: Refactor typescript arrow function type @,66,295,https://www.vimgolf.com/challenges/5dd7ed687a0c210006a6820f
awesome VimGolf challenge: create arrows in a list @,66,95,https://www.vimgolf.com/challenges/59381bd3652ee10dec000005
awesome VimGolf challenge: formatted text to markdown @,66,181,https://www.vimgolf.com/challenges/4de6287b17a57a000100003f
awesome VimGolf challenge: Create a diamond comment @,66,271,https://www.vimgolf.com/challenges/9v0060b47a55000000000207
awesome VimGolf challenge: Restore order to the alphabet @,66,183,https://www.vimgolf.com/challenges/558aef9a9b964426b5010562
awesome VimGolf challenge: Filter number combinations that don't add to 11 @,65,204,https://www.vimgolf.com/challenges/9v0063cb8c9c000000000248
awesome VimGolf challenge: Add Go XML to structure tags @,65,151,https://www.vimgolf.com/challenges/5957c3356f7e17045b00002c
awesome VimGolf challenge: remove all lines in first part @,65,190,https://www.vimgolf.com/challenges/55389fb1d6367c11201571d1
awesome VimGolf challenge: Extract wireshark capture filter @,64,193,https://www.vimgolf.com/challenges/5d6b72521c6d070006bded72
awesome VimGolf challenge: swap or reverse @,64,110,https://www.vimgolf.com/challenges/556d7209f6d1a10ee6000001
awesome VimGolf challenge: Refactor arguments into object argument @,64,160,https://www.vimgolf.com/challenges/511991607729fb0002000003
awesome VimGolf challenge: Suffix sort @,64,244,https://www.vimgolf.com/challenges/53fdb108658ede0002599a8f
awesome VimGolf challenge: Shuffle and Sort @,63,201,https://www.vimgolf.com/challenges/4fe9ab8b5089660001000002
awesome VimGolf challenge: Multiplication table. @,63,195,https://www.vimgolf.com/challenges/4dddc7c1ed7380000100000d
awesome VimGolf challenge: Refactor static member invocation @,63,198,https://www.vimgolf.com/challenges/542eff6588fc4d00021aa9cd
awesome VimGolf challenge: Wget failed to download redirections @,62,181,https://www.vimgolf.com/challenges/54aa4898e87aa400023e3a19
awesome VimGolf challenge: Changing around text with citations @,62,205,https://www.vimgolf.com/challenges/9v0062b13366000000000221
awesome VimGolf challenge: calculations @,62,256,https://www.vimgolf.com/challenges/5d78aa6071f751000cfc0bfc
awesome VimGolf challenge: REDRUM @,61,149,https://www.vimgolf.com/challenges/50d62c51162fd30002000052
awesome VimGolf challenge: PHP <--> Java class conversion Part 1 @,61,211,https://www.vimgolf.com/challenges/4e31627b74ab580001000007
awesome VimGolf challenge: Subtraction @,61,178,https://www.vimgolf.com/challenges/53d1f9344ab5290002ab30e0
awesome VimGolf challenge: JS notation to Immutable.js notation @,60,161,https://www.vimgolf.com/challenges/56a260eedb173f2f5d00f6f8
awesome VimGolf challenge: Pretty format for variable declarations @,59,150,https://www.vimgolf.com/challenges/546a627195f6da000265742d
awesome VimGolf challenge: Assign list @,59,169,https://www.vimgolf.com/challenges/51cd1be19f3290000200000e
awesome VimGolf challenge: Vim's not included features @,59,183,https://www.vimgolf.com/challenges/55e814a35f5608403d000001
awesome VimGolf challenge: Data reformat @,58,251,https://www.vimgolf.com/challenges/5eee3ddb30b4450009b4080a
awesome VimGolf challenge: ssh config skills @,58,236,https://www.vimgolf.com/challenges/5f7337a3a22d0c0009268605
awesome VimGolf challenge: Python to Ruby @,57,193,https://www.vimgolf.com/challenges/5078889ceedfc90002000047
awesome VimGolf challenge: Java to JavaScript @,57,216,https://www.vimgolf.com/challenges/9v00618f9423000000000215
awesome VimGolf challenge: Checkerboard case pattern @,57,144,https://www.vimgolf.com/challenges/50b746da523acc0002000018
awesome VimGolf challenge: Overall Vimgolf Rank @,57,161,https://www.vimgolf.com/challenges/4d2fb20e63b08b08b0000075
awesome VimGolf challenge: paste indent correction - JS  @,57,102,https://www.vimgolf.com/challenges/51a115429bada1000200001b
awesome VimGolf challenge: citizen_hacks_2019_challenge4 @,57,83,https://www.vimgolf.com/challenges/5d7418d098328b000bba4741
awesome VimGolf challenge: Changing URL path in CSS @,57,123,https://www.vimgolf.com/challenges/4fe3d2c2f73248000100004b
awesome VimGolf challenge: constructor @,57,178,https://www.vimgolf.com/challenges/4f081a4ef037090001000074
awesome VimGolf challenge: Happy New Year!  @,56,139,https://www.vimgolf.com/challenges/4d247aa50947c63e260000a4
awesome VimGolf challenge: Add text at some column @,56,147,https://www.vimgolf.com/challenges/5e3c99466ea90a00096b2efb
awesome VimGolf challenge: A grid of punctuation @,56,120,https://www.vimgolf.com/challenges/57a021b0d938573add00bcd0
awesome VimGolf challenge: Interleave lines @,56,143,https://www.vimgolf.com/challenges/55054f0ac64edd79b00265ac
awesome VimGolf challenge: NBCU Weekly Challenge - #0 @,55,124,https://www.vimgolf.com/challenges/53f388dfb2a65900028494ae
"awesome VimGolf challenge: Un""finnish""ed Work @",55,105,https://www.vimgolf.com/challenges/5986374af5ca4f000c00001c
awesome VimGolf challenge: Convert pandoc unordered list to a numbered list @,55,157,https://www.vimgolf.com/challenges/500855e60599d90002000073
awesome VimGolf challenge: Assign numbers to fields @,54,95,https://www.vimgolf.com/challenges/55e704665f560803fa000001
awesome VimGolf challenge: Separating firstname & lastname @,54,117,https://www.vimgolf.com/challenges/54c392acbd7cbe0003329b7c
awesome VimGolf challenge: Increment number for every 10 lines @,54,182,https://www.vimgolf.com/challenges/608d040766cd0a0007f52b0d
awesome VimGolf challenge: Word Blender @,54,129,https://www.vimgolf.com/challenges/4d2482950947c63e260000b1
awesome VimGolf challenge: Getters & Setters: Java @,54,190,https://www.vimgolf.com/challenges/4d22dcfa7f75b01e0700010e
awesome VimGolf challenge: fib.c cleanup @,54,66,https://www.vimgolf.com/challenges/50c195c1b85576000200005b
awesome VimGolf challenge: Reordering Lorem Ipsum @,53,212,https://www.vimgolf.com/challenges/9v00612800cb000000000210
awesome VimGolf challenge: ASCII-art Histogram @,53,300,https://www.vimgolf.com/challenges/5d5c4f742eb5c3000624f668
awesome VimGolf challenge: Change attribute to getter @,53,127,https://www.vimgolf.com/challenges/58753af0f5ef5c0006000006
awesome VimGolf challenge: increment by column in XML @,53,146,https://www.vimgolf.com/challenges/54a480bb5db1600002939b54
awesome VimGolf challenge: Quote modules (ver.2) @,53,197,https://www.vimgolf.com/challenges/5e3ca51e6ea90a00096b3007
awesome VimGolf challenge: Inconsistent real estate paste @,53,178,https://www.vimgolf.com/challenges/4fe354e8f73248000100002d
awesome VimGolf challenge: Array Transposition @,52,171,https://www.vimgolf.com/challenges/5b9131545c53aa000ca952f6
awesome VimGolf challenge: Circle in a square @,52,140,https://www.vimgolf.com/challenges/50f1b2e316e0bb0002000051
awesome VimGolf challenge: ASCII Art @,52,82,https://www.vimgolf.com/challenges/56e59ff88cf5905fe501ce5b
awesome VimGolf challenge: Create a pandoc compatible table @,51,177,https://www.vimgolf.com/challenges/4fcd8dc2ff37f20001000020
awesome VimGolf challenge: Piphilology @,51,131,https://www.vimgolf.com/challenges/532bdb79fbefce0002650940
awesome VimGolf challenge: FoodCritic023: Prefer conditional attributes @,51,178,https://www.vimgolf.com/challenges/56704157109fb85a6d017d08
"awesome VimGolf challenge: Change double quotes to single quotes, but with a twist @",50,263,https://www.vimgolf.com/challenges/5f4d8ba936f38a000c89afa6
awesome VimGolf challenge: SFD-ROC: Tic-Tac-Toe @,50,132,https://www.vimgolf.com/challenges/5054b935fa0b390002000020
awesome VimGolf challenge: Test everything! @,50,158,https://www.vimgolf.com/challenges/5486c522908f4600023c53fa
awesome VimGolf challenge: Convert Application Output to CSV @,50,180,https://www.vimgolf.com/challenges/5c95672f291e16000684a2d8
awesome VimGolf challenge: un-C-escape string @,49,55,https://www.vimgolf.com/challenges/4f6144f46938f20001000061
awesome VimGolf challenge: Reconstruct the actual output from my unit test tool report @,49,140,https://www.vimgolf.com/challenges/5ea82da50a8bcc00091923e4
awesome VimGolf challenge: Winning streak @,49,124,https://www.vimgolf.com/challenges/54cb9296b2df9e000307809a
awesome VimGolf challenge: Draw the Go board @,48,140,https://www.vimgolf.com/challenges/519cb48135fc71000200004a
awesome VimGolf challenge: Define to require @,48,118,https://www.vimgolf.com/challenges/51093f4c6db41b0002000003
awesome VimGolf challenge: RUST match with enum for Coin @,46,168,https://www.vimgolf.com/challenges/5fe050e596c8f7000cda4ddc
awesome VimGolf challenge: Before there was Farmville... @,46,95,https://www.vimgolf.com/challenges/4d29ae2107e0177c7e000036
awesome VimGolf challenge: Easier Align @,46,118,https://www.vimgolf.com/challenges/9v00641896b600000000024b
awesome VimGolf challenge: Text to HTML Table @,46,157,https://www.vimgolf.com/challenges/594db7f41ba5d60135000005
awesome VimGolf challenge: Make the circuit grid! @,45,79,https://www.vimgolf.com/challenges/50127eba201f450002000024
awesome VimGolf challenge: SFD-ROC: Pipe Dreams @,44,99,https://www.vimgolf.com/challenges/5054ba0cfa0b390002000023
awesome VimGolf challenge: Python: Lots of function arguments @,44,98,https://www.vimgolf.com/challenges/50ba20af5b346c0002000035
awesome VimGolf challenge: citizen_hacks_2019_challenge6 @,44,55,https://www.vimgolf.com/challenges/5d74192998328b000bba4743
awesome VimGolf challenge: Manual SQL @,44,114,https://www.vimgolf.com/challenges/563368fc3a2bb61edd0128f5
awesome VimGolf challenge: Extract text from xml @,43,106,https://www.vimgolf.com/challenges/50b1d7239aad89000200002d
awesome VimGolf challenge: Python challenge @,42,142,https://www.vimgolf.com/challenges/5c26476de8c6490009fcad3e
"awesome VimGolf challenge: Tables, Functions, Sprocs @",42,121,https://www.vimgolf.com/challenges/5d00ed30cb4b5c000627f371
awesome VimGolf challenge: Chucking wood @,42,94,https://www.vimgolf.com/challenges/50b4b5e6448d77000200004d
awesome VimGolf challenge: O Christmas Tree @,41,102,https://www.vimgolf.com/challenges/52bc9404cbab90000200001c
awesome VimGolf challenge: Calculate the table totals @,41,123,https://www.vimgolf.com/challenges/4fca76aad3a0d4000100007e
awesome VimGolf challenge: Innocent Monster @,41,135,https://www.vimgolf.com/challenges/9v006198e264000000000217
awesome VimGolf challenge: Array of characters @,41,135,https://www.vimgolf.com/challenges/5796493277f1fc12b1002044
awesome VimGolf challenge: Printable ASCII characters @,40,120,https://www.vimgolf.com/challenges/50b1517e9aad890002000004
awesome VimGolf challenge: Winding path @,40,93,https://www.vimgolf.com/challenges/543e53c037ba3a00022b3ec7
awesome VimGolf challenge: Extend shell script @,40,94,https://www.vimgolf.com/challenges/5f98332996f92c000c0095e1
awesome VimGolf challenge: Format the CSS @,40,109,https://www.vimgolf.com/challenges/5f1e93e8becb80000992ba98
awesome VimGolf challenge: Square numbers @,39,95,https://www.vimgolf.com/challenges/5490a40f6571cc0002bc6920
awesome VimGolf challenge: Extract HTML option values from tag values @,39,85,https://www.vimgolf.com/challenges/58860440c57fb30006000004
"awesome VimGolf challenge: Harder than ""abcd > a b c d"" @",39,76,https://www.vimgolf.com/challenges/50c13afab855760002000049
awesome VimGolf challenge: citizen_hacks_2019_challenge1 @,39,45,https://www.vimgolf.com/challenges/5d74185598328b0009ba471e
awesome VimGolf challenge: Ninjas Leaderboard @,38,84,https://www.vimgolf.com/challenges/52409a089e26e1000200006d
awesome VimGolf challenge: Insert column data on Confluence-style table @,38,153,https://www.vimgolf.com/challenges/9v0064903c5d000000000253
awesome VimGolf challenge: Format the output @,38,143,https://www.vimgolf.com/challenges/4fbf8e303be58b0001000024
awesome VimGolf challenge: Resort and deup a CSV list @,37,135,https://www.vimgolf.com/challenges/5cace3ba888961000986ec8d
awesome VimGolf challenge: PHP <--> Java class conversion Part 2 @,37,95,https://www.vimgolf.com/challenges/4e379f2fdfb67a000100002e
awesome VimGolf challenge: Entries sort @,37,80,https://www.vimgolf.com/challenges/5598ef76c0132f45c9005238
awesome VimGolf challenge: Coordinates placeholder @,36,62,https://www.vimgolf.com/challenges/50ed6ac0c0e3aa0002000003
awesome VimGolf challenge: It's a factor @,36,91,https://www.vimgolf.com/challenges/51459ef6b94aa50002000002
awesome VimGolf challenge: Triangle of arrows @,35,144,https://www.vimgolf.com/challenges/5e342153e78957000c248a55
awesome VimGolf challenge: Fill visual area @,35,79,https://www.vimgolf.com/challenges/54fb143d91984a0e75007579
awesome VimGolf challenge: Sort by sum of numbers in a line(?) @,35,55,https://www.vimgolf.com/challenges/50a9cedcf54bf60002000028
awesome VimGolf challenge: Circle of Fifths with Sharps @,35,93,https://www.vimgolf.com/challenges/50525d0730c82d0002000077
awesome VimGolf challenge: Not enough Ps @,35,66,https://www.vimgolf.com/challenges/55007a7412685a180e000005
awesome VimGolf challenge: Subnetting @,34,105,https://www.vimgolf.com/challenges/5aa68c3b81f0830009000005
awesome VimGolf challenge: Turn a ninja to case-insensitive [Nn][Ii][Nn][Jj][Aa] regexp! @,34,58,https://www.vimgolf.com/challenges/587e0a9d5944680006000007
awesome VimGolf challenge: Enharmonic Equivalents @,34,55,https://www.vimgolf.com/challenges/5052dd5c2a8bfe000200001c
awesome VimGolf challenge: Right Align Part of the line @,33,105,https://www.vimgolf.com/challenges/5e9c7dbf3ed8dd00067708e3
awesome VimGolf challenge: Comparing scores @,33,94,https://www.vimgolf.com/challenges/53f44761ba79e3000235fc6f
awesome VimGolf challenge: Back to the roots @,33,47,https://www.vimgolf.com/challenges/5a218cccc0ed6d04af000004
awesome VimGolf challenge: HTML formatting: vertical alignment for readability @,33,63,https://www.vimgolf.com/challenges/537a553282aa3e000222048a
"awesome VimGolf challenge: Make list of numbers from 1 to 30 more compact, but more confusing @",33,81,https://www.vimgolf.com/challenges/9v0060a458ec000000000205
awesome VimGolf challenge: Write Setters and Getters for PHP @,32,86,https://www.vimgolf.com/challenges/530d2148f78def0002660c96
awesome VimGolf challenge: Format java properties @,32,71,https://www.vimgolf.com/challenges/58e30bf5a570cf043d000002
awesome VimGolf challenge: Refactoring useless Method away @,32,91,https://www.vimgolf.com/challenges/5491377167afde00024ba4cf
awesome VimGolf challenge: Mr. Hacker @,31,76,https://www.vimgolf.com/challenges/5f2479f81e886100063106fe
"awesome VimGolf challenge: Untangle my tail, please! @",31,57,https://www.vimgolf.com/challenges/52232097e52582000200002c
awesome VimGolf challenge: Levenshtein distance @,31,88,https://www.vimgolf.com/challenges/5f1310bd3cc9f3000bef87ed
awesome VimGolf challenge: SFD-ROC: ASCII Logo Border @,30,70,https://www.vimgolf.com/challenges/5054ba5efa0b390002000026
awesome VimGolf challenge: Land of the Lost @,30,77,https://www.vimgolf.com/challenges/5501297312685a3ca601d3d8
awesome VimGolf challenge: Remove hard line breaks @,30,64,https://www.vimgolf.com/challenges/5521ef575709ea270a00ce69
awesome VimGolf challenge: Execute immediate SQL @,30,85,https://www.vimgolf.com/challenges/50ef5caf767623000200004b
awesome VimGolf challenge: Lookahead and Lookbehind @,29,67,https://www.vimgolf.com/challenges/518360f3fa5db2000200001a
awesome VimGolf challenge: Sudoku table @,29,61,https://www.vimgolf.com/challenges/55faae943e9b67549b000001
awesome VimGolf challenge: citizen_hacks_2019_challenge3 @,29,32,https://www.vimgolf.com/challenges/5d7418b198328b0006ba4750
awesome VimGolf challenge: Transposition @,29,76,https://www.vimgolf.com/challenges/50d76e775539af000200006f
awesome VimGolf challenge: Flip the chessboard @,29,77,https://www.vimgolf.com/challenges/50b375efd028d90002000050
awesome VimGolf challenge: Create an alphabet diamond @,29,76,https://www.vimgolf.com/challenges/502f2e628f37220002000031
awesome VimGolf challenge: Return the cow @,28,71,https://www.vimgolf.com/challenges/4d22038df74d0b11490000fb
awesome VimGolf challenge: Hidden Message @,28,74,https://www.vimgolf.com/challenges/5956673d1a25ba1035000003
awesome VimGolf challenge: Hanging Indent for Footnotes @,28,69,https://www.vimgolf.com/challenges/51e3f82a0754780002000078
awesome VimGolf challenge: Roman numerals @,27,68,https://www.vimgolf.com/challenges/541022801a2d8b0002238a17
awesome VimGolf challenge: Sort by your own sum @,27,69,https://www.vimgolf.com/challenges/50ab5251aeb26e0002000033
awesome VimGolf challenge: Add links to an existing HTML table @,27,61,https://www.vimgolf.com/challenges/50a1b172c654360002000033
awesome VimGolf challenge: add line and index @,26,81,https://www.vimgolf.com/challenges/5e61b4796c11b6000c1b4069
awesome VimGolf challenge: Complete the circuit grid! @,26,72,https://www.vimgolf.com/challenges/50128129201f450002000027
awesome VimGolf challenge: Triangular Numbers @,25,88,https://www.vimgolf.com/challenges/5c9f6f52e73f87000c1548f8
awesome VimGolf challenge: Simple Maths @,25,45,https://www.vimgolf.com/challenges/547dae4372572300022c560e
awesome VimGolf challenge: Replace Parameter with Explicit Methods @,25,61,https://www.vimgolf.com/challenges/545baafb7974800002353443
awesome VimGolf challenge: Staircase @,25,83,https://www.vimgolf.com/challenges/5fcaaf0e2529cd000c9304ce
awesome VimGolf challenge: Chinese Multiplication Table @,24,77,https://www.vimgolf.com/challenges/510b1c61e48b7e0002000028
awesome VimGolf challenge: Across-Down Flip @,24,53,https://www.vimgolf.com/challenges/51bd468414b59a0002000012
awesome VimGolf challenge: Rail fence transposition cipher @,24,70,https://www.vimgolf.com/challenges/5508d1ded05c5e2a710d7e93
awesome VimGolf challenge: Letterbox @,24,88,https://www.vimgolf.com/challenges/5c7b244ae74665000c0598a9
awesome VimGolf challenge: C to python code snippet @,24,70,https://www.vimgolf.com/challenges/5f316d5c8d826b000640670e
awesome VimGolf challenge: Sierpinski's Triangle @,24,82,https://www.vimgolf.com/challenges/5039216a1eb07a0002000026
awesome VimGolf challenge: maximun and minimun @,23,55,https://www.vimgolf.com/challenges/50406e76badccf000200003b
awesome VimGolf challenge: Greek column realign @,23,42,https://www.vimgolf.com/challenges/54bd44d755bd48000310c6e0
awesome VimGolf challenge: Santa's naughty / nice list @,23,77,https://www.vimgolf.com/challenges/5c221a61dd9c0e0006c8e15f
awesome VimGolf challenge: Acute accents @,23,31,https://www.vimgolf.com/challenges/542c8cb02da21600022c7477
awesome VimGolf challenge: Find fix point of cos @,23,52,https://www.vimgolf.com/challenges/9v0064a68333000000000254
awesome VimGolf challenge: Five Pillars @,22,60,https://www.vimgolf.com/challenges/5314fc4e6e902e00027b74d1
awesome VimGolf challenge: Presidential Sorting @,22,47,https://www.vimgolf.com/challenges/50a2bdd4f0ea8a0002000055
awesome VimGolf challenge: Merge blank lines and properly capitalize @,22,72,https://www.vimgolf.com/challenges/55250aff5eba2c043f0318f5
awesome VimGolf challenge: Refactor to Helpers @,22,45,https://www.vimgolf.com/challenges/4e7dedb4f447090001000002
awesome VimGolf challenge: Change The Perspective @,22,36,https://www.vimgolf.com/challenges/51a388ac06f7d20002000006
awesome VimGolf challenge: Greek Letters @,22,60,https://www.vimgolf.com/challenges/50d8b2039d73b70002000046
"awesome VimGolf challenge: Here, piggy, piggy... @",21,75,https://www.vimgolf.com/challenges/4d2513c10947c63e2600019f
awesome VimGolf challenge: Reformat Cura settings @,20,108,https://www.vimgolf.com/challenges/5d59205be4bef300096bc66b
awesome VimGolf challenge: Hash staircase @,20,41,https://www.vimgolf.com/challenges/5d1a0c57da55f00009f75842
awesome VimGolf challenge: range(10) digit rotation @,20,32,https://www.vimgolf.com/challenges/54a5b367b5be62000263f9ef
awesome VimGolf challenge: Fibonacci Triangles @,20,49,https://www.vimgolf.com/challenges/5123331bb2bc340002000003
awesome VimGolf challenge: Carriage return @,20,42,https://www.vimgolf.com/challenges/5301e83c0cb38c0002000008
awesome VimGolf challenge: SQL to YAML @,20,45,https://www.vimgolf.com/challenges/56fcc3204a7725120c00c91c
awesome VimGolf challenge: Tiny column alignment @,19,41,https://www.vimgolf.com/challenges/555b647e6337c25795003d2c
awesome VimGolf challenge: Extended Customer 2 @,19,44,https://www.vimgolf.com/challenges/51330725b051320002000042
awesome VimGolf challenge: 50 factorials mod 97 @,18,47,https://www.vimgolf.com/challenges/54d6ed13bb73ec0688000001
awesome VimGolf challenge: simple format (3) @,18,60,https://www.vimgolf.com/challenges/5bff6e560d5dc0000ca3485b
awesome VimGolf challenge: Lower cased and dashed strings @,18,46,https://www.vimgolf.com/challenges/55f9720b4a665c2acf0008c8
awesome VimGolf challenge: JSON string rotation @,18,51,https://www.vimgolf.com/challenges/548879e3844403000250b6aa
awesome VimGolf challenge: Config Sections @,18,38,https://www.vimgolf.com/challenges/5474ef0bcf59b600024c64de
awesome VimGolf challenge: Permutations N=4 @,18,60,https://www.vimgolf.com/challenges/5287aac7bba8eb0002000002
awesome VimGolf challenge: Conway sequence @,18,23,https://www.vimgolf.com/challenges/54f8cc2718a13f0a630041e5
awesome VimGolf challenge: LaTeX to XML Math Delimiters @,18,40,https://www.vimgolf.com/challenges/510a052c6db41b0002000028
awesome VimGolf challenge: On Being Stylish @,18,71,https://www.vimgolf.com/challenges/5b7d2a7a55b986000cd6e00f
awesome VimGolf challenge: Double and switch @,17,37,https://www.vimgolf.com/challenges/584dd156842bd00769000001
awesome VimGolf challenge: Under the cupola @,17,45,https://www.vimgolf.com/challenges/5223a618e52582000200005c
awesome VimGolf challenge: Recursive Cowsay @,17,58,https://www.vimgolf.com/challenges/521df209452feb000200012d
awesome VimGolf challenge: XML to JSON @,17,44,https://www.vimgolf.com/challenges/50ea3ca82bf6290002000040
awesome VimGolf challenge: Sort yaml structures alphabetically by root key names  @,17,35,https://www.vimgolf.com/challenges/5a390183530db00e38000001
awesome VimGolf challenge: Count to 100 in word form @,17,54,https://www.vimgolf.com/challenges/6010dc493e0f8d0009eddcf9
awesome VimGolf challenge: Binary and Increment @,17,43,https://www.vimgolf.com/challenges/549fc5c05874e9000220eb54
awesome VimGolf challenge: snowflake fractal @,17,39,https://www.vimgolf.com/challenges/5c6c5d89eba29c00068b77f8
awesome VimGolf challenge: 199 Fibonacci Numbers @,16,37,https://www.vimgolf.com/challenges/511d618c094242000200001a
awesome VimGolf challenge: Create bison tokens @,16,34,https://www.vimgolf.com/challenges/5675405ac5936f0ba3000002
awesome VimGolf challenge: Kolakoski sequence -- level 1 @,16,57,https://www.vimgolf.com/challenges/5c880211ab65cb00065c74eb
awesome VimGolf challenge: Convert regular pandoc footnotes to in-line notes @,16,60,https://www.vimgolf.com/challenges/5014b2156318a4000200000b
awesome VimGolf challenge: Custom McCarthy sequence @,15,36,https://www.vimgolf.com/challenges/55213dc25709ea0851015904
awesome VimGolf challenge: Pascal's Triangle @,15,34,https://www.vimgolf.com/challenges/5ca2bc786b547e000c77fd52
awesome VimGolf challenge: ascii-art diamond @,15,35,https://www.vimgolf.com/challenges/57a4ec036f04c40bf8000001
awesome VimGolf challenge: Label grid cells (6x6) @,15,34,https://www.vimgolf.com/challenges/5d6aa7f288ff50000c123d49
awesome VimGolf challenge: The  D a n k  Side of the Moon @,14,40,https://www.vimgolf.com/challenges/5c75b4246c2f8300092b8d97
awesome VimGolf challenge: No naked if allowed! @,14,25,https://www.vimgolf.com/challenges/565bb80fceffe53baa038f0c
awesome VimGolf challenge: Palindrome numbers @,14,21,https://www.vimgolf.com/challenges/5986e7e8d6a38f049d000005
awesome VimGolf challenge: Write Hello World in the 'i use arch btw' -programming language @,14,29,https://www.vimgolf.com/challenges/9v0060a1b5ed000000000204
awesome VimGolf challenge: C# data class to F# record @,14,56,https://www.vimgolf.com/challenges/5ed1805d1e2d61000670078f
awesome VimGolf challenge: Solve anagram with ASCII letters @,14,31,https://www.vimgolf.com/challenges/9v00611f700a00000000020d
awesome VimGolf challenge: Hail to Alekse Pajitnov @,13,33,https://www.vimgolf.com/challenges/548c6254c3fe990002bb28f7
awesome VimGolf challenge: Sort with uniq OpenEmbedded package names @,13,33,https://www.vimgolf.com/challenges/54d5f51d20b05716be00036d
awesome VimGolf challenge: 42-header @,13,36,https://www.vimgolf.com/challenges/5a19a6be19128f03c2000010
awesome VimGolf challenge: Forgot to follow the naming convention... @,13,25,https://www.vimgolf.com/challenges/55ff7ea45a2b52043e06dee2
awesome VimGolf challenge: C to VimDict @,13,46,https://www.vimgolf.com/challenges/54a94976f4048c00026d8ed6
awesome VimGolf challenge: Maze path @,13,32,https://www.vimgolf.com/challenges/55b35f751b16ea1bc100a0e2
awesome VimGolf challenge: citizen_hacks_2019_part1 @,13,35,https://www.vimgolf.com/challenges/5d745e0e9a72d6000c5eb78d
awesome VimGolf challenge: sort python functions and methods alphabetically @,12,21,https://www.vimgolf.com/challenges/5a2808ee8e67cc0006000002
awesome VimGolf challenge: Convert pasted text into Markdown @,12,21,https://www.vimgolf.com/challenges/56f8745e27bf6e0006010ec1
awesome VimGolf challenge: Simple Maths 2 @,11,27,https://www.vimgolf.com/challenges/5cfd02e3837727000c3ebe53
awesome VimGolf challenge: Rule 110 @,11,35,https://www.vimgolf.com/challenges/5cfc4d8b83772700093ebbc0
awesome VimGolf challenge: mp3 - Cutlist @,11,28,https://www.vimgolf.com/challenges/5a0f4f6591974a039c000007
awesome VimGolf challenge: TAR archive pretty print @,10,22,https://www.vimgolf.com/challenges/5a19a46019128f000900001e
awesome VimGolf challenge: Converting group lines from format A to Format B  @,10,20,https://www.vimgolf.com/challenges/59e19a18396b000053000013
awesome VimGolf challenge: RUST HTML to maud. @,9,17,https://www.vimgolf.com/challenges/5fe3ddcb8a967b00099d7e59
awesome VimGolf challenge: If-then-else regexp @,9,37,https://www.vimgolf.com/challenges/5d010a4fcb4b5c000927f42a
awesome VimGolf challenge: C# function to F# @,8,22,https://www.vimgolf.com/challenges/5ed25358070f0e0006193c04
awesome VimGolf challenge: Flatten repo @,8,22,https://www.vimgolf.com/challenges/598728b4d6a38f049d00000f
awesome VimGolf challenge: Long prime list - filter version @,8,26,https://www.vimgolf.com/challenges/5b07e46e497a8a000c00000f
awesome VimGolf challenge: Comparing Schema With Diff  @,8,50,https://www.vimgolf.com/challenges/5da1fae264d6990006137c21
awesome VimGolf challenge: citizen_hacks_2019_part6 @,8,19,https://www.vimgolf.com/challenges/5d745ebe9a72d6000c5eb793
awesome VimGolf challenge: citizen_hacks_2019_part9 @,7,17,https://www.vimgolf.com/challenges/5d745f6f9a72d600065eb79f
awesome VimGolf challenge: citizen_hacks_2019_part5 @,7,15,https://www.vimgolf.com/challenges/5d745ea09a72d600095eb7b0
awesome VimGolf challenge: citizen_hacks_2019_part4 @,7,10,https://www.vimgolf.com/challenges/5d745e799a72d600095eb7af
awesome VimGolf challenge: citizen_hacks_2019_part2 @,7,18,https://www.vimgolf.com/challenges/5d745e309a72d6000c5eb78e
"awesome VimGolf challenge: vimtutor, but you can cheat @",7,15,https://www.vimgolf.com/challenges/5fc320b30575c20009ac2527
awesome VimGolf challenge: [Real World] PHP To Markdown @,7,25,https://www.vimgolf.com/challenges/5caf08f4a1c3e10009f19429
awesome VimGolf challenge: Kolakoski sequence -- level 2 @,6,10,https://www.vimgolf.com/challenges/5c9f68afe73f870006154904
awesome VimGolf challenge: Lenny Spiral @,6,13,https://www.vimgolf.com/challenges/5a4c89ccf061980006000003
awesome VimGolf challenge: My cafe needs a new menu @,5,22,https://www.vimgolf.com/challenges/5c1db460c5949f000990a2f1
awesome VimGolf challenge:    (Combine Hangul and Chinese characters) @,5,27,https://www.vimgolf.com/challenges/5fe14618f5abb00009be3ace
awesome VimGolf challenge: citizen_hacks_2019_part3 @,5,15,https://www.vimgolf.com/challenges/5d745e539a72d600095eb7ad
awesome VimGolf challenge: Splits long lines in more readable ones @,4,10,https://www.vimgolf.com/challenges/5aa7e13aa19abd00c800000b
awesome VimGolf challenge: Back to the Future @,2,3,https://www.vimgolf.com/challenges/5dd30310d8d0f900069f675f
